Workbook

Sheet GDP_OECD
A1: Reg | B1: 2011 | C1: 2012 | D1: 2013 | E1: 2014 | F1: 2015 | G1: 2016 | H1: 2017 | I1: 2018 | J1: 2019 | K1: 2020 | L1: 2021 | M1: 2022 | N1: 2023 | O1: 2024 | P1: 2025 | Q1: 2026 | R1: 2027 | S1: 2028 | T1: 2029 | U1: 2030 | V1: 2031 | W1: 2032 | X1: 2033 | Y1: 2034 | Z1: 2035 | AA1: 2036 | AB1: 2037 | AC1: 2038 | AD1: 2039 | AE1: 2040 | AF1: 2041 | AG1: 2042 | AH1: 2043 | AI1: 2044 | AJ1: 2045 | AK1: 2046 | AL1: 2047 | AM1: 2048 | AN1: 2049 | AO1: 2050 | AP1: 2051 | AQ1: 2052 | AR1: 2053 | AS1: 2054 | AT1: 2055 | AU1: 2056 | AV1: 2057 | AW1: 2058 | AX1: 2059 | AY1: 2060
A2: AUS | B2: 1.5124205e+12 | C2: 1.571828e+12 | D2: 1.6067527e+12 | E2: 1.647622e+12 | F2: 1.6889673e+12 | G2: 1.7329561e+12 | H2: 1.7724097e+12 | I2: 1.8242547e+12 | J2: 1.8797069e+12 | K2: 1.9345311e+12 | L2: 1.9882243e+12 | M2: 2.0411503e+12 | N2: 2.0943623e+12 | O2: 2.1487483e+12 | P2: 2.204642e+12 | Q2: 2.2621321e+12 | R2: 2.3210605e+12 | S2: 2.3815306e+12 | T2: 2.443687e+12 | U2: 2.5076866e+12 | V2: 2.5736812e+12 | W2: 2.6420826e+12 | X2: 2.7130182e+12 | Y2: 2.7865838e+12 | Z2: 2.8628599e+12 | AA2: 2.9419189e+12 | AB2: 3.0234912e+12 | AC2: 3.1075779e+12 | AD2: 3.1941696e+12 | AE2: 3.2832727e+12 | AF2: 3.374915e+12 | AG2: 3.4695093e+12 | AH2: 3.5671438e+12 | AI2: 3.6679069e+12 | AJ2: 3.7718898e+12 | AK2: 3.8791665e+12 | AL2: 3.989343e+12 | AM2: 4.102363e+12 | AN2: 4.218165e+12 | AO2: 4.3367468e+12 | AP2: 4.4582e+12 | AQ2: 4.5826789e+12 | AR2: 4.7104177e+12 | AS2: 4.8417222e+12 | AT2: 4.976939e+12 | AU2: 5.1163937e+12 | AV2: 5.2597403e+12 | AW2: 5.407053e+12 | AX2: 5.5583382e+12 | AY2: 5.7135854e+12
A3: AUT | B3: 4.3176087e+11 | C3: 4.3422235e+11 | D3: 4.3424868e+11 | E3: 4.3821466e+11 | F3: 4.429022e+11 | G3: 4.4952372e+11 | H3: 4.6345978e+11 | I3: 4.7618974e+11 | J3: 4.857191e+11 | K3: 4.9126131e+11 | L3: 4.9666164e+11 | M3: 5.0244633e+11 | N3: 5.0869921e+11 | O3: 5.1548536e+11 | P3: 5.2286211e+11 | Q3: 5.3077088e+11 | R3: 5.3924245e+11 | S3: 5.4827167e+11 | T3: 5.5786684e+11 | U3: 5.6804081e+11 | V3: 5.7879918e+11 | W3: 5.9012238e+11 | X3: 6.0197544e+11 | Y3: 6.1430492e+11 | Z3: 6.270436e+11 | AA3: 6.4013477e+11 | AB3: 6.5345329e+11 | AC3: 6.6694955e+11 | AD3: 6.8057709e+11 | AE3: 6.9429478e+11 | AF3: 7.080748e+11 | AG3: 7.2198566e+11 | AH3: 7.3603124e+11 | AI3: 7.5021696e+11 | AJ3: 7.6453933e+11 | AK3: 7.7899014e+11 | AL3: 7.9346725e+11 | AM3: 8.0795441e+11 | AN3: 8.2243848e+11 | AO3: 8.3691653e+11 | AP3: 8.5139944e+11 | AQ3: 8.6600882e+11 | AR3: 8.8078514e+11 | AS3: 8.9577165e+11 | AT3: 9.1101219e+11 | AU3: 9.2654709e+11 | AV3: 9.4230809e+11 | AW3: 9.5832566e+11 | AX3: 9.7461038e+11 | AY3: 9.9114922e+11
A4: BEL | B4: 5.2750842e+11 | C4: 5.2874487e+11 | D4: 5.298062e+11 | E4: 5.366584e+11 | F4: 5.4431722e+11 | G4: 5.5200257e+11 | H4: 5.6155188e+11 | I4: 5.710402e+11 | J4: 5.8096301e+11 | K4: 5.8875294e+11 | L4: 5.9647504e+11 | M4: 6.0443992e+11 | N4: 6.1285732e+11 | O4: 6.2194923e+11 | P4: 6.318319e+11 | Q4: 6.4253002e+11 | R4: 6.5401333e+11 | S4: 6.6625162e+11 | T4: 6.7924019e+11 | U4: 6.9300029e+11 | V4: 7.0754939e+11 | W4: 7.2275134e+11 | X4: 7.3852613e+11 | Y4: 7.5479893e+11 | Z4: 7.7150852e+11 | AA4: 7.8861254e+11 | AB4: 8.0617692e+11 | AC4: 8.2420172e+11 | AD4: 8.4270552e+11 | AE4: 8.6172439e+11 | AF4: 8.8130569e+11 | AG4: 9.0139774e+11 | AH4: 9.2203228e+11 | AI4: 9.4322445e+11 | AJ4: 9.6497529e+11 | AK4: 9.8728145e+11 | AL4: 1.0101411e+12 | AM4: 1.0335589e+12 | AN4: 1.0575409e+12 | AO4: 1.0820943e+12 | AP4: 1.1072321e+12 | AQ4: 1.1329811e+12 | AR4: 1.159385e+12 | AS4: 1.1864907e+12 | AT4: 1.2143364e+12 | AU4: 1.2429516e+12 | AV4: 1.2722244e+12 | AW4: 1.3021801e+12 | AX4: 1.3328322e+12 | AY4: 1.3641733e+12
A5: CAN | B5: 1.7901359e+12 | C5: 1.821383e+12 | D5: 1.8664626e+12 | E5: 1.9197633e+12 | F5: 1.9389787e+12 | G5: 1966397295824 | H5: 2.0254025e+12 | I5: 2.0678617e+12 | J5: 2.1141419e+12 | K5: 2.1482958e+12 | L5: 2.181102e+12 | M5: 2.2147161e+12 | N5: 2.2496433e+12 | O5: 2.2860083e+12 | P5: 2.3237672e+12 | Q5: 2.3627597e+12 | R5: 2.4031963e+12 | S5: 2.4450902e+12 | T5: 2.4884785e+12 | U5: 2.533406e+12 | V5: 2.579923e+12 | W5: 2.6277847e+12 | X5: 2.6769957e+12 | Y5: 2.727533e+12 | Z5: 2.7793704e+12 | AA5: 2.8324992e+12 | AB5: 2.8869172e+12 | AC5: 2.9426276e+12 | AD5: 2.9996327e+12 | AE5: 3.0579378e+12 | AF5: 3.1175551e+12 | AG5: 3.1784867e+12 | AH5: 3.2406988e+12 | AI5: 3.3041335e+12 | AJ5: 3.3687428e+12 | AK5: 3.4345167e+12 | AL5: 3.5014729e+12 | AM5: 3.5696223e+12 | AN5: 3.6389855e+12 | AO5: 3.7096083e+12 | AP5: 3.7815772e+12 | AQ5: 3.8549871e+12 | AR5: 3929909880284 | AS5: 4.0064111e+12 | AT5: 4.0845716e+12 | AU5: 4.1645082e+12 | AV5: 4.2463441e+12 | AW5: 4.3301658e+12 | AX5: 4.4160123e+12 | AY5: 4.5039034e+12
A6: CHE | B6: 7.0202602e+11 | C6: 7.0897268e+11 | D6: 7.2240806e+11 | E6: 7.4010915e+11 | F6: 7.4873412e+11 | G6: 7.5912662e+11 | H6: 7.6723544e+11 | I6: 7.8517085e+11 | J6: 8.0042097e+11 | K6: 8.1470265e+11 | L6: 8.2859249e+11 | M6: 8.4201867e+11 | N6: 8.5521582e+11 | O6: 8.6854547e+11 | P6: 8.8227147e+11 | Q6: 8.9639913e+11 | R6: 9.1083028e+11 | S6: 9.2557686e+11 | T6: 9.4065823e+11 | U6: 9.5609966e+11 | V6: 9.7193394e+11 | W6: 9.8831835e+11 | X6: 1.0052978e+12 | Y6: 1.0229114e+12 | Z6: 1.0411928e+12 | AA6: 1.0601687e+12 | AB6: 1.0797251e+12 | AC6: 1.0998499e+12 | AD6: 1.1205156e+12 | AE6: 1.1416924e+12 | AF6: 1.1633604e+12 | AG6: 1.1856427e+12 | AH6: 1208530157487 | AI6: 1.2320138e+12 | AJ6: 1.2560903e+12 | AK6: 1.2807686e+12 | AL6: 1.3058968e+12 | AM6: 1.3314728e+12 | AN6: 1.3575032e+12 | AO6: 1.3840117e+12 | AP6: 1.4110338e+12 | AQ6: 1.4387586e+12 | AR6: 1.4672032e+12 | AS6: 1.4963867e+12 | AT6: 1.5263463e+12 | AU6: 1.5571404e+12 | AV6: 1.5886257e+12 | AW6: 1.6208251e+12 | AX6: 1.6537455e+12 | AY6: 1.6873888e+12
A7: CHL | B7: 2.5268007e+11 | C7: 2.6629708e+11 | D7: 2.7719689e+11 | E7: 2.8205186e+11 | F7: 2.8849884e+11 | G7: 2.9193349e+11 | H7: 2.9673223e+11 | I7: 3.0734111e+11 | J7: 3.1844001e+11 | K7: 3.2772216e+11 | L7: 3.3647358e+11 | M7: 3.4498439e+11 | N7: 3.5338162e+11 | O7: 3.6176462e+11 | P7: 3.7022095e+11 | Q7: 3.787376e+11 | R7: 3.8733646e+11 | S7: 3.9601288e+11 | T7: 4.0476573e+11 | U7: 4.1359431e+11 | V7: 4.2250028e+11 | W7: 4.3145512e+11 | X7: 4.4046519e+11 | Y7: 4.4953601e+11 | Z7: 4.5867213e+11 | AA7: 4.6787758e+11 | AB7: 4.7715825e+11 | AC7: 4.8651767e+11 | AD7: 4.9595772e+11 | AE7: 5.0547513e+11 | AF7: 5.1506692e+11 | AG7: 5.2477528e+11 | AH7: 5.3460143e+11 | AI7: 5.445476e+11 | AJ7: 5.5461736e+11 | AK7: 5.6481515e+11 | AL7: 5.75096e+11 | AM7: 5.8545781e+11 | AN7: 5.9589562e+11 | AO7: 6.0640417e+11 | AP7: 6.1697967e+11 | AQ7: 6.2761886e+11 | AR7: 6.3831735e+11 | AS7: 6.4907232e+11 | AT7: 6.5988743e+11 | AU7: 6.7077366e+11 | AV7: 6.8174671e+11 | AW7: 6.9282731e+11 | AX7: 7.0404279e+11 | AY7: 7.1542774e+11
A8: CZE | B8: 2.2837541e+11 | C8: 2.2672928e+11 | D8: 2.2562913e+11 | E8: 2.3175512e+11 | F8: 2.4424163e+11 | G8: 2.5032483e+11 | H8: 2.6184281e+11 | I8: 2.7180475e+11 | J8: 2.805416e+11 | K8: 2.8625303e+11 | L8: 2.9191804e+11 | M8: 2.9811518e+11 | N8: 3.0483515e+11 | O8: 3.1199997e+11 | P8: 3.1954306e+11 | Q8: 3.2739712e+11 | R8: 3.3547641e+11 | S8: 3.4372553e+11 | T8: 3.5207424e+11 | U8: 3.6044401e+11 | V8: 3.6875986e+11 | W8: 3.7695633e+11 | X8: 3.8498542e+11 | Y8: 3.9281434e+11 | Z8: 4.0043504e+11 | AA8: 4.0786409e+11 | AB8: 4.1517364e+11 | AC8: 4.2240609e+11 | AD8: 4.2961424e+11 | AE8: 4.3686506e+11 | AF8: 4.4421885e+11 | AG8: 4.5165195e+11 | AH8: 4.5915249e+11 | AI8: 4.6669043e+11 | AJ8: 4.7423236e+11 | AK8: 4.8174766e+11 | AL8: 4.8925707e+11 | AM8: 4.9673639e+11 | AN8: 5.0417987e+11 | AO8: 5.1161395e+11 | AP8: 5.1909194e+11 | AQ8: 5.2663523e+11 | AR8: 5.343331e+11 | AS8: 5.4227482e+11 | AT8: 5.5054312e+11 | AU8: 5.5918008e+11 | AV8: 5.6818141e+11 | AW8: 5.7750666e+11 | AX8: 5.8709332e+11 | AY8: 5.9687656e+11
A9: DEU | B9: 3.755941e+12 | C9: 3.7817046e+12 | D9: 3.8043838e+12 | E9: 3.8776827e+12 | F9: 3.9360136e+12 | G9: 4.0090405e+12 | H9: 4.1098268e+12 | I9: 4.1976952e+12 | J9: 4.2873097e+12 | K9: 4.3343262e+12 | L9: 4.377166e+12 | M9: 4.4215922e+12 | N9: 4.468114e+12 | O9: 4.5170493e+12 | P9: 4.5687186e+12 | Q9: 4.6221699e+12 | R9: 4.6769109e+12 | S9: 4.7327784e+12 | T9: 4.7897457e+12 | U9: 4.8478747e+12 | V9: 4.9072948e+12 | W9: 4.9681931e+12 | X9: 5.0308985e+12 | Y9: 5095719253765 | Z9: 5.1629098e+12 | AA9: 5.2326572e+12 | AB9: 5.3050178e+12 | AC9: 5.3800097e+12 | AD9: 5.4574968e+12 | AE9: 5.5372227e+12 | AF9: 5.6189178e+12 | AG9: 5.7029783e+12 | AH9: 5.7892977e+12 | AI9: 5.8778011e+12 | AJ9: 5.968389e+12 | AK9: 6.0609513e+12 | AL9: 6.1547416e+12 | AM9: 6.249702e+12 | AN9: 6.3457186e+12 | AO9: 6.4425693e+12 | AP9: 6.5400007e+12 | AQ9: 6.637847e+12 | AR9: 6.7360577e+12 | AS9: 6.8347394e+12 | AT9: 6.9341525e+12 | AU9: 7.0346107e+12 | AV9: 7.1364865e+12 | AW9: 7.2399965e+12 | AX9: 7.3452125e+12 | AY9: 7.4520544e+12
A10: DNK | B10: 3.4498139e+11 | C10: 3.4576266e+11 | D10: 3.4898983e+11 | E10: 3.5464148e+11 | F10: 3.6033899e+11 | G10: 3.6741632e+11 | H10: 3.7564696e+11 | I10: 3.8189081e+11 | J10: 3.8933333e+11 | K10: 3.9457255e+11 | L10: 4.0015859e+11 | M10: 4.0660842e+11 | N10: 4.1380867e+11 | O10: 4.2152913e+11 | P10: 4.2962721e+11 | Q10: 4.379951e+11 | R10: 4.4652051e+11 | S10: 4.5518218e+11 | T10: 4.6398171e+11 | U10: 4.7293479e+11 | V10: 4.8206083e+11 | W10: 4.9138498e+11 | X10: 5.0093957e+11 | Y10: 5.1075487e+11 | Z10: 5.208453e+11 | AA10: 5.3121391e+11 | AB10: 5.418666e+11 | AC10: 5.5281251e+11 | AD10: 5.6406947e+11 | AE10: 5.7566315e+11 | AF10: 5.8762576e+11 | AG10: 5.9999072e+11 | AH10: 6.1277668e+11 | AI10: 6.2597903e+11 | AJ10: 6.3956836e+11 | AK10: 6.5349815e+11 | AL10: 6.6779122e+11 | AM10: 6.8239743e+11 | AN10: 6.9727352e+11 | AO10: 7.1238691e+11 | AP10: 7.2772518e+11 | AQ10: 7.4321411e+11 | AR10: 7.5886267e+11 | AS10: 7.7468427e+11 | AT10: 7.9069913e+11 | AU10: 8.0693539e+11 | AV10: 8.2342288e+11 | AW10: 8.4018546e+11 | AX10: 8.5725032e+11 | AY10: 8.7464067e+11
A11: ESP | B11: 1.4894801e+12 | C11: 1.4458719e+12 | D11: 1.4212096e+12 | E11: 1.4408222e+12 | F11: 1.4902749e+12 | G11: 1.5390734e+12 | H11: 1.586043e+12 | I11: 1.6305517e+12 | J11: 1.6690858e+12 | K11: 1.68992e+12 | L11: 1.7070607e+12 | M11: 1.7244771e+12 | N11: 1.743366e+12 | O11: 1.7639501e+12 | P11: 1.7860431e+12 | Q11: 1.8093678e+12 | R11: 1.8336808e+12 | S11: 1.8587454e+12 | T11: 1.8843263e+12 | U11: 1.9102134e+12 | V11: 1.93623e+12 | W11: 1.9622229e+12 | X11: 1.9880502e+12 | Y11: 2.0135949e+12 | Z11: 2.0387958e+12 | AA11: 2.0636599e+12 | AB11: 2.0880716e+12 | AC11: 2.1121689e+12 | AD11: 2.1361603e+12 | AE11: 2.1603075e+12 | AF11: 2.1848919e+12 | AG11: 2.2101819e+12 | AH11: 2.2364601e+12 | AI11: 2.2640368e+12 | AJ11: 2.2932366e+12 | AK11: 2.3243501e+12 | AL11: 2.3575597e+12 | AM11: 2.3929782e+12 | AN11: 2.4307072e+12 | AO11: 2.4708762e+12 | AP11: 2.5136242e+12 | AQ11: 2.5590112e+12 | AR11: 2.6070664e+12 | AS11: 2.6578371e+12 | AT11: 2.7113985e+12 | AU11: 2.7678271e+12 | AV11: 2.8270811e+12 | AW11: 2.8890479e+12 | AX11: 2.9536091e+12 | AY11: 3.0207049e+12
A12: EST | B12: 2.3181715e+10 | C12: 2.4184414e+10 | D12: 2.4673143e+10 | E12: 2.5353399e+10 | F12: 2.5797088e+10 | G12: 2.6365148e+10 | H12: 2.7620092e+10 | I12: 2.864259e+10 | J12: 2.9555952e+10 | K12: 3.0390409e+10 | L12: 3.1182208e+10 | M12: 3.1934855e+10 | N12: 3.267015e+10 | O12: 3.3411605e+10 | P12: 3.4166114e+10 | Q12: 3.4931147e+10 | R12: 3.5707095e+10 | S12: 3.6489986e+10 | T12: 3.7275079e+10 | U12: 3.8057941e+10 | V12: 3.8835435e+10 | W12: 3.9601472e+10 | X12: 4.03558e+10 | Y12: 4.1098808e+10 | Z12: 4.1831593e+10 | AA12: 4.2555388e+10 | AB12: 4.3270977e+10 | AC12: 4.3979469e+10 | AD12: 4.4681632e+10 | AE12: 4.5377493e+10 | AF12: 4.6066198e+10 | AG12: 4.6745872e+10 | AH12: 4.7414102e+10 | AI12: 4.8068334e+10 | AJ12: 4.870693e+10 | AK12: 4.9329512e+10 | AL12: 4.993688e+10 | AM12: 5.0531253e+10 | AN12: 5.11162e+10 | AO12: 5.1696246e+10 | AP12: 5.2276107e+10 | AQ12: 5.286061e+10 | AR12: 5.3453722e+10 | AS12: 5.4059369e+10 | AT12: 5.4680301e+10 | AU12: 5.5318061e+10 | AV12: 5.5966756e+10 | AW12: 5.6625031e+10 | AX12: 5.7290678e+10 | AY12: 5.7961097e+10
... A140: XSC | B140: 7838000000 | C140: 8.1636475e+09 | D140: 8.5177642e+09 | E140: 8.8211416e+09 | F140: 8.9658138e+09 | G140: 9.0462242e+09 | H140: 9.2226609e+09 | I140: 9.2858112e+09 | J140: 9.4571806e+09 | K140: 9.7070048e+09 | L140: 1.0024203e+10 | M140: 1.039149e+10 | N140: 1.080171e+10 | O140: 1.1242063e+10 | P140: 1.1721185e+10 | Q140: 1.2229372e+10 | R140: 1.2772592e+10 | S140: 1.3356585e+10 | T140: 1.3981599e+10 | U140: 1.4651766e+10 | V140: 1.5347194e+10 | W140: 1.608615e+10 | X140: 1.6869995e+10 | Y140: 1.7699519e+10 | Z140: 1.8575564e+10 | AA140: 1.9498299e+10 | AB140: 2.047331e+10 | AC140: 2.1502251e+10 | AD140: 2.2585887e+10 | AE140: 2.3725505e+10 | AF140: 2.4912734e+10 | AG140: 2.616062e+10 | AH140: 2.7469605e+10 | AI140: 2.8841041e+10 | AJ140: 3.0276619e+10 | AK140: 3.177359e+10 | AL140: 3.3337514e+10 | AM140: 3.4971074e+10 | AN140: 3.6676826e+10 | AO140: 3.8457412e+10 | AP140: 4.0303717e+10 | AQ140: 4.2225111e+10 | AR140: 4.4225026e+10 | AS140: 4.6306994e+10 | AT140: 4.8472869e+10 | AU140: 5.0707449e+10 | AV140: 5.3029095e+10 | AW140: 5.5439189e+10 | AX140: 5.7939034e+10 | AY140: 6.0529849e+10

Sheet GDP_OECD_mil
A1: Reg | B1: 2011 | C1: 2012 | D1: 2013 | E1: 2014 | F1: 2015 | G1: 2016 | H1: 2017 | I1: 2018 | J1: 2019 | K1: 2020 | L1: 2021 | M1: 2022 | N1: 2023 | O1: 2024 | P1: 2025 | Q1: 2026 | R1: 2027 | S1: 2028 | T1: 2029 | U1: 2030 | V1: 2031 | W1: 2032 | X1: 2033 | Y1: 2034 | Z1: 2035 | AA1: 2036 | AB1: 2037 | AC1: 2038 | AD1: 2039 | AE1: 2040 | AF1: 2041 | AG1: 2042 | AH1: 2043 | AI1: 2044 | AJ1: 2045 | AK1: 2046 | AL1: 2047 | AM1: 2048 | AN1: 2049 | AO1: 2050 | AP1: 2051 | AQ1: 2052 | AR1: 2053 | AS1: 2054 | AT1: 2055 | AU1: 2056 | AV1: 2057 | AW1: 2058 | AX1: 2059 | AY1: 2060
A2: AUS | B2: =GDP_OECD!B2/1000000000 -> 1512.4205 | C2: =GDP_OECD!C2/1000000000 -> 1571.828 | D2: =GDP_OECD!D2/1000000000 -> 1606.7527 | E2: =GDP_OECD!E2/1000000000 -> 1647.622 | F2: =GDP_OECD!F2/1000000000 -> 1688.9673 | G2: =GDP_OECD!G2/1000000000 -> 1732.9561 | H2: =GDP_OECD!H2/1000000000 -> 1772.4097 | I2: =GDP_OECD!I2/1000000000 -> 1824.2547 | ... AY2: =GDP_OECD!AY2/1000000000 -> 5713.5854
A3: AUT | B3: =GDP_OECD!B3/1000000000 -> 431.76087 | C3: =GDP_OECD!C3/1000000000 -> 434.22235 | D3: =GDP_OECD!D3/1000000000 -> 434.24868 | E3: =GDP_OECD!E3/1000000000 -> 438.21466 | F3: =GDP_OECD!F3/1000000000 -> 442.9022 | G3: =GDP_OECD!G3/1000000000 -> 449.52372 | H3: =GDP_OECD!H3/1000000000 -> 463.45978 | I3: =GDP_OECD!I3/1000000000 -> 476.18974 | ... AY3: =GDP_OECD!AY3/1000000000 -> 991.14922
A4: BEL | B4: =GDP_OECD!B4/1000000000 -> 527.50842 | C4: =GDP_OECD!C4/1000000000 -> 528.74487 | D4: =GDP_OECD!D4/1000000000 -> 529.8062 | E4: =GDP_OECD!E4/1000000000 -> 536.6584 | F4: =GDP_OECD!F4/1000000000 -> 544.31722 | G4: =GDP_OECD!G4/1000000000 -> 552.00257 | H4: =GDP_OECD!H4/1000000000 -> 561.55188 | I4: =GDP_OECD!I4/1000000000 -> 571.0402 | ... AY4: =GDP_OECD!AY4/1000000000 -> 1364.1733
A5: CAN | B5: =GDP_OECD!B5/1000000000 -> 1790.1359 | C5: =GDP_OECD!C5/1000000000 -> 1821.383 | D5: =GDP_OECD!D5/1000000000 -> 1866.4626 | E5: =GDP_OECD!E5/1000000000 -> 1919.7633 | F5: =GDP_OECD!F5/1000000000 -> 1938.9787 | G5: =GDP_OECD!G5/1000000000 -> 1966.3973 | H5: =GDP_OECD!H5/1000000000 -> 2025.4025 | I5: =GDP_OECD!I5/1000000000 -> 2067.8617 | ... AY5: =GDP_OECD!AY5/1000000000 -> 4503.9034
A6: CHE | B6: =GDP_OECD!B6/1000000000 -> 702.02602 | C6: =GDP_OECD!C6/1000000000 -> 708.97268 | D6: =GDP_OECD!D6/1000000000 -> 722.40806 | E6: =GDP_OECD!E6/1000000000 -> 740.10915 | F6: =GDP_OECD!F6/1000000000 -> 748.73412 | G6: =GDP_OECD!G6/1000000000 -> 759.12662 | H6: =GDP_OECD!H6/1000000000 -> 767.23544 | I6: =GDP_OECD!I6/1000000000 -> 785.17085 | ... AY6: =GDP_OECD!AY6/1000000000 -> 1687.3888
A7: CHL | B7: =GDP_OECD!B7/1000000000 -> 252.68007 | C7: =GDP_OECD!C7/1000000000 -> 266.29708 | D7: =GDP_OECD!D7/1000000000 -> 277.19689 | E7: =GDP_OECD!E7/1000000000 -> 282.05186 | F7: =GDP_OECD!F7/1000000000 -> 288.49884 | G7: =GDP_OECD!G7/1000000000 -> 291.93349 | H7: =GDP_OECD!H7/1000000000 -> 296.73223 | I7: =GDP_OECD!I7/1000000000 -> 307.34111 | ... AY7: =GDP_OECD!AY7/1000000000 -> 715.42774
A8: CZE | B8: =GDP_OECD!B8/1000000000 -> 228.37541 | C8: =GDP_OECD!C8/1000000000 -> 226.72928 | D8: =GDP_OECD!D8/1000000000 -> 225.62913 | E8: =GDP_OECD!E8/1000000000 -> 231.75512 | F8: =GDP_OECD!F8/1000000000 -> 244.24163 | G8: =GDP_OECD!G8/1000000000 -> 250.32483 | H8: =GDP_OECD!H8/1000000000 -> 261.84281 | I8: =GDP_OECD!I8/1000000000 -> 271.80475 | ... AY8: =GDP_OECD!AY8/1000000000 -> 596.87656
A9: DEU | B9: =GDP_OECD!B9/1000000000 -> 3755.941 | C9: =GDP_OECD!C9/1000000000 -> 3781.7046 | D9: =GDP_OECD!D9/1000000000 -> 3804.3838 | E9: =GDP_OECD!E9/1000000000 -> 3877.6827 | F9: =GDP_OECD!F9/1000000000 -> 3936.0136 | G9: =GDP_OECD!G9/1000000000 -> 4009.0405 | H9: =GDP_OECD!H9/1000000000 -> 4109.8268 | I9: =GDP_OECD!I9/1000000000 -> 4197.6952 | ... AY9: =GDP_OECD!AY9/1000000000 -> 7452.0544
A10: DNK | B10: =GDP_OECD!B10/1000000000 -> 344.98139 | C10: =GDP_OECD!C10/1000000000 -> 345.76266 | D10: =GDP_OECD!D10/1000000000 -> 348.98983 | E10: =GDP_OECD!E10/1000000000 -> 354.64148 | F10: =GDP_OECD!F10/1000000000 -> 360.33899 | G10: =GDP_OECD!G10/1000000000 -> 367.41632 | H10: =GDP_OECD!H10/1000000000 -> 375.64696 | I10: =GDP_OECD!I10/1000000000 -> 381.89081 | ... AY10: =GDP_OECD!AY10/1000000000 -> 874.64067
A11: ESP | B11: =GDP_OECD!B11/1000000000 -> 1489.4801 | C11: =GDP_OECD!C11/1000000000 -> 1445.8719 | D11: =GDP_OECD!D11/1000000000 -> 1421.2096 | E11: =GDP_OECD!E11/1000000000 -> 1440.8222 | F11: =GDP_OECD!F11/1000000000 -> 1490.2749 | G11: =GDP_OECD!G11/1000000000 -> 1539.0734 | H11: =GDP_OECD!H11/1000000000 -> 1586.043 | I11: =GDP_OECD!I11/1000000000 -> 1630.5517 | ... AY11: =GDP_OECD!AY11/1000000000 -> 3020.7049
A12: EST | B12: =GDP_OECD!B12/1000000000 -> 23.181715 | C12: =GDP_OECD!C12/1000000000 -> 24.184414 | D12: =GDP_OECD!D12/1000000000 -> 24.673143 | E12: =GDP_OECD!E12/1000000000 -> 25.353399 | F12: =GDP_OECD!F12/1000000000 -> 25.797088 | G12: =GDP_OECD!G12/1000000000 -> 26.365148 | H12: =GDP_OECD!H12/1000000000 -> 27.620092 | I12: =GDP_OECD!I12/1000000000 -> 28.64259 | ... AY12: =GDP_OECD!AY12/1000000000 -> 57.961097
A13: FIN | B13: =GDP_OECD!B13/1000000000 -> 273.93408 | C13: =GDP_OECD!C13/1000000000 -> 270.02726 | D13: =GDP_OECD!D13/1000000000 -> 267.97893 | E13: =GDP_OECD!E13/1000000000 -> 266.28603 | F13: =GDP_OECD!F13/1000000000 -> 266.64573 | G13: =GDP_OECD!G13/1000000000 -> 272.33967 | H13: =GDP_OECD!H13/1000000000 -> 279.51383 | I13: =GDP_OECD!I13/1000000000 -> 287.74423 | ... AY13: =GDP_OECD!AY13/1000000000 -> 534.94235
... A140: XSC | B140: =GDP_OECD!B140/1000000000 -> 7.838 | C140: =GDP_OECD!C140/1000000000 -> 8.1636475 | D140: =GDP_OECD!D140/1000000000 -> 8.5177642 | E140: =GDP_OECD!E140/1000000000 -> 8.8211416 | F140: =GDP_OECD!F140/1000000000 -> 8.9658138 | G140: =GDP_OECD!G140/1000000000 -> 9.0462242 | H140: =GDP_OECD!H140/1000000000 -> 9.2226609 | I140: =GDP_OECD!I140/1000000000 -> 9.2858112 | ... AY140: =GDP_OECD!AY140/1000000000 -> 60.529849

Sheet Pop_OECD
A1: Reg | B1: 2011 | C1: 2012 | D1: 2013 | E1: 2014 | F1: 2015 | G1: 2016 | H1: 2017 | I1: 2018 | J1: 2019 | K1: 2020 | L1: 2021 | M1: 2022 | N1: 2023 | O1: 2024 | P1: 2025 | Q1: 2026 | R1: 2027 | S1: 2028 | T1: 2029 | U1: 2030 | V1: 2031 | W1: 2032 | X1: 2033 | Y1: 2034 | Z1: 2035 | AA1: 2036 | AB1: 2037 | AC1: 2038 | AD1: 2039 | AE1: 2040 | AF1: 2041 | AG1: 2042 | AH1: 2043 | AI1: 2044 | AJ1: 2045 | AK1: 2046 | AL1: 2047 | AM1: 2048 | AN1: 2049 | AO1: 2050 | AP1: 2051 | AQ1: 2052 | AR1: 2053 | AS1: 2054 | AT1: 2055 | AU1: 2056 | AV1: 2057 | AW1: 2058 | AX1: 2059 | AY1: 2060 | AZ1: 2061 | BA1: 2062 | BB1: 2063 | BC1: 2064 | BD1: 2065 | BE1: 2066 | BF1: 2067 | BG1: 2068 | BH1: 2069 | BI1: 2070 | BJ1: 2071 | BK1: 2072 | BL1: 2073 | BM1: 2074 | BN1: 2075 | BO1: 2076 | BP1: 2077 | BQ1: 2078 | BR1: 2079 | BS1: 2080 | BT1: 2081 | BU1: 2082 | BV1: 2083 | BW1: 2084 | BX1: 2085 | BY1: 2086 | BZ1: 2087 | CA1: 2088 | CB1: 2089 | CC1: 2090 | CD1: 2091 | CE1: 2092 | CF1: 2093 | CG1: 2094 | CH1: 2095 | CI1: 2096 | CJ1: 2097 | CK1: 2098 | CL1: 2099 | CM1: 2100
A2: AUS | B2: 23.334338 | C2: 23.697598 | D2: 24.046707 | E2: 24.391291 | F2: 24.737663 | G2: 25.089163 | H2: 25.435637 | I2: 25.777216 | J2: 26.113852 | K2: 26.446308 | L2: 26.781288 | M2: 27.108682 | N2: 27.43311 | O2: 27.760222 | P2: 28.093816 | Q2: 28.436662 | R2: 28.781191 | S2: 29.125601 | T2: 29.466519 | U2: 29.80273 | V2: 30.132142 | W2: 30.453501 | X2: 30.770413 | Y2: 31.086784 | Z2: 31.405452 | AA2: 31.720746 | AB2: 32.032193 | AC2: 32.342193 | AD2: 32.652865 | AE2: 32.966179 | AF2: 33.276952 | AG2: 33.584101 | AH2: 33.888059 | AI2: 34.188937 | AJ2: 34.488881 | AK2: 34.77935 | AL2: 35.060523 | AM2: 35.338842 | AN2: 35.620605 | AO2: 35.90948 | AP2: 36.19283 | AQ2: 36.47469 | AR2: 36.754449 | AS2: 37.029887 | AT2: 37.301859 | AU2: 37.557414 | AV2: 37.800358 | AW2: 38.039891 | AX2: 38.287627 | AY2: 38.552009 | AZ2: 38.810782 | BA2: 39.07339 | BB2: 39.3427 | BC2: 39.618944 | BD2: 39.902609 | BE2: 40.168265 | BF2: 40.430415 | BG2: 40.691469 | BH2: 40.95503 | BI2: 41.226106 | BJ2: 41.469058 | BK2: 41.706331 | BL2: 41.943815 | BM2: 42.183801 | BN2: 42.427135 | BO2: 42.633935 | BP2: 42.832424 | BQ2: 43.026572 | BR2: 43.223124 | BS2: 43.430903 | BT2: 43.608243 | BU2: 43.780005 | BV2: 43.95604 | BW2: 44.146887 | BX2: 44.36102 | BY2: 44.548245 | BZ2: 44.740828 | CA2: 44.943631 | CB2: 45.160551 | CC2: 45.396385 | CD2: 45.593101 | CE2: 45.790303 | CF2: 45.996038 | CG2: 46.21789 | CH2: 46.461508 | CI2: 46.659746 | CJ2: 46.861432 | CK2: 47.070679 | CL2: 47.290617 | CM2: 47.525258
A3: AUT | B3: 8.879892 | C3: 8.942463 | D3: 9.006509 | E3: 9.066114 | F3: 9.11672 | G3: 9.161443 | H3: 9.194617 | I3: 9.220088 | J3: 9.244333 | K3: 9.272408 | L3: 9.31127 | M3: 9.351761 | N3: 9.392534 | O3: 9.430691 | P3: 9.464491 | Q3: 9.497487 | R3: 9.525965 | S3: 9.550922 | T3: 9.573026 | U3: 9.59274 | V3: 9.612115 | W3: 9.627396 | X3: 9.640733 | Y3: 9.654755 | Z3: 9.671363 | AA3: 9.692959 | AB3: 9.714204 | AC3: 9.73589 | AD3: 9.759014 | AE3: 9.784658 | AF3: 9.812514 | AG3: 9.839489 | AH3: 9.866413 | AI3: 9.893469 | AJ3: 9.920597 | AK3: 9.943669 | AL3: 9.964142 | AM3: 9.981588 | AN3: 9.99443 | AO3: 10.001954 | AP3: 10.000162 | AQ3: 9.990904 | AR3: 9.976235 | AS3: 9.958405 | AT3: 9.939609 | AU3: 9.916885 | AV3: 9.889362 | AW3: 9.860617 | AX3: 9.834848 | AY3: 9.81528 | AZ3: 9.799148 | BA3: 9.784751 | BB3: 9.772805 | BC3: 9.763577 | BD3: 9.757953 | BE3: 9.749945 | BF3: 9.741051 | BG3: 9.733859 | BH3: 9.730458 | BI3: 9.731754 | BJ3: 9.727151 | BK3: 9.723186 | BL3: 9.720143 | BM3: 9.717106 | BN3: 9.713669 | BO3: 9.699665 | BP3: 9.681765 | BQ3: 9.661754 | BR3: 9.642425 | BS3: 9.626734 | BT3: 9.603429 | BU3: 9.57882 | BV3: 9.555557 | BW3: 9.535829 | BX3: 9.521408 | BY3: 9.500472 | BZ3: 9.480138 | CA3: 9.462068 | CB3: 9.448531 | CC3: 9.442015 | CD3: 9.42901 | CE3: 9.417482 | CF3: 9.410197 | CG3: 9.4092 | CH3: 9.415622 | CI3: 9.413334 | CJ3: 9.413747 | CK3: 9.417682 | CL3: 9.425742 | CM3: 9.43889
A4: BEL | B4: 11.587338 | C4: 11.67458 | D4: 11.756645 | E4: 11.835201 | F4: 11.911374 | G4: 11.996258 | H4: 12.07811 | I4: 12.154321 | J4: 12.221443 | K4: 12.278013 | L4: 12.33258 | M4: 12.375089 | N4: 12.411579 | O4: 12.449494 | P4: 12.493463 | Q4: 12.550169 | R4: 12.610175 | S4: 12.671969 | T4: 12.732854 | U4: 12.791669 | V4: 12.851933 | W4: 12.908712 | X4: 12.963929 | Y4: 13.019621 | Z4: 13.077123 | AA4: 13.1351 | AB4: 13.191572 | AC4: 13.24782 | AD4: 13.304367 | AE4: 13.361333 | AF4: 13.416874 | AG4: 13.469727 | AH4: 13.520004 | AI4: 13.567883 | AJ4: 13.614285 | AK4: 13.656348 | AL4: 13.693262 | AM4: 13.727208 | AN4: 13.759586 | AO4: 13.791198 | AP4: 13.817713 | AQ4: 13.839681 | AR4: 13.859078 | AS4: 13.877867 | AT4: 13.897932 | AU4: 13.914894 | AV4: 13.928711 | AW4: 13.941861 | AX4: 13.956901 | AY4: 13.975933 | AZ4: 13.992588 | BA4: 14.008378 | BB4: 14.025426 | BC4: 14.045299 | BD4: 14.069323 | BE4: 14.088206 | BF4: 14.106172 | BG4: 14.125554 | BH4: 14.148469 | BI4: 14.176429 | BJ4: 14.197519 | BK4: 14.218603 | BL4: 14.240808 | BM4: 14.264414 | BN4: 14.290199 | BO4: 14.304724 | BP4: 14.316442 | BQ4: 14.328058 | BR4: 14.342594 | BS4: 14.362734 | BT4: 14.373255 | BU4: 14.383247 | BV4: 14.39583 | BW4: 14.414146 | BX4: 14.440604 | BY4: 14.458502 | BZ4: 14.478254 | CA4: 14.501435 | CB4: 14.529413 | CC4: 14.564089 | CD4: 14.58589 | CE4: 14.607571 | CF4: 14.632327 | CG4: 14.662771 | CH4: 14.700617 | CI4: 14.722793 | CJ4: 14.745932 | CK4: 14.771722 | CL4: 14.801545 | CM4: 14.837025
A5: CAN | B5: 35.928501 | C5: 36.329509 | D5: 36.718271 | E5: 37.096857 | F5: 37.468039 | G5: 37.846445 | H5: 38.213557 | I5: 38.574071 | J5: 38.933725 | K5: 39.297271 | L5: 39.672723 | M5: 40.045548 | N5: 40.420392 | O5: 40.802522 | P5: 41.195413 | Q5: 41.600185 | R5: 42.008069 | S5: 42.416939 | T5: 42.822585 | U5: 43.223354 | V5: 43.612287 | W5: 43.989463 | X5: 44.36082 | Y5: 44.73297 | Z5: 45.110213 | AA5: 45.477956 | AB5: 45.838485 | AC5: 46.195072 | AD5: 46.550978 | AE5: 46.908923 | AF5: 47.253218 | AG5: 47.588571 | AH5: 47.911918 | AI5: 48.217701 | AJ5: 48.505997 | AK5: 48.757962 | AL5: 48.98173 | AM5: 49.189459 | AN5: 49.39331 | AO5: 49.601316 | AP5: 49.791299 | AQ5: 49.970506 | AR5: 50.145959 | AS5: 50.325333 | AT5: 50.516922 | AU5: 50.702071 | AV5: 50.882211 | AW5: 51.066197 | AX5: 51.265 | AY5: 51.489009 | AZ5: 51.705264 | BA5: 51.927344 | BB5: 52.162015 | BC5: 52.409949 | BD5: 52.67021 | BE5: 52.897688 | BF5: 53.120597 | BG5: 53.347171 | BH5: 53.588453 | BI5: 53.853063 | BJ5: 54.087584 | BK5: 54.325487 | BL5: 54.567339 | BM5: 54.810124 | BN5: 55.054216 | BO5: 55.242959 | BP5: 55.415099 | BQ5: 55.578177 | BR5: 55.74211 | BS5: 55.918073 | BT5: 56.036729 | BU5: 56.142776 | BV5: 56.25344 | BW5: 56.385775 | BX5: 56.551121 | BY5: 56.676832 | BZ5: 56.810827 | CA5: 56.956304 | CB5: 57.118616 | CC5: 57.308478 | CD5: 57.446112 | CE5: 57.582504 | CF5: 57.732206 | CG5: 57.906881 | CH5: 58.113683 | CI5: 58.256099 | CJ5: 58.403764 | CK5: 58.564174 | CL5: 58.744581 | CM5: 58.952768
A6: CHE | B6: 8.316655 | C6: 8.426964 | D6: 8.535982 | E6: 8.639911 | F6: 8.736137 | G6: 8.828216 | H6: 8.910965 | I6: 8.986892 | J6: 9.05976 | K6: 9.132479 | L6: 9.207751 | M6: 9.280806 | N6: 9.352775 | O6: 9.424751 | P6: 9.497554 | Q6: 9.571947 | R6: 9.645935 | S6: 9.718815 | T6: 9.788982 | U6: 9.855703 | V6: 9.917745 | W6: 9.975254 | X6: 10.030455 | Y6: 10.085864 | Z6: 10.143095 | AA6: 10.199843 | AB6: 10.255741 | AC6: 10.312145 | AD6: 10.370642 | AE6: 10.432526 | AF6: 10.49491 | AG6: 10.557312 | AH6: 10.620339 | AI6: 10.684479 | AJ6: 10.750339 | AK6: 10.811865 | AL6: 10.871952 | AM6: 10.930542 | AN6: 10.986037 | AO6: 11.037456 | AP6: 11.076652 | AQ6: 11.109148 | AR6: 11.137123 | AS6: 11.163031 | AT6: 11.189094 | AU6: 11.207929 | AV6: 11.22265 | AW6: 11.236419 | AX6: 11.253125 | AY6: 11.275979 | AZ6: 11.297802 | BA6: 11.320889 | BB6: 11.346167 | BC6: 11.374091 | BD6: 11.405762 | BE6: 11.430699 | BF6: 11.454477 | BG6: 11.479704 | BH6: 11.50833 | BI6: 11.541298 | BJ6: 11.563408 | BK6: 11.585186 | BL6: 11.607865 | BM6: 11.632246 | BN6: 11.659121 | BO6: 11.67356 | BP6: 11.685823 | BQ6: 11.697441 | BR6: 11.710775 | BS6: 11.728756 | BT6: 11.735072 | BU6: 11.740058 | BV6: 11.746896 | BW6: 11.758548 | BX6: 11.777313 | BY6: 11.784732 | BZ6: 11.793188 | CA6: 11.804988 | CB6: 11.822646 | CC6: 11.848697 | CD6: 11.862806 | CE6: 11.878629 | CF6: 11.898702 | CG6: 11.925307 | CH6: 11.960376 | CI6: 11.981263 | CJ6: 12.00382 | CK6: 12.02975 | CL6: 12.060604 | CM6: 12.098026
A7: CHL | B7: 17.525773 | C7: 17.698274 | D7: 17.866296 | E7: 18.030248 | F7: 18.190808 | G7: 18.354984 | H7: 18.515038 | I7: 18.671761 | J7: 18.826099 | K7: 18.978685 | L7: 19.13493 | M7: 19.288267 | N7: 19.438135 | O7: 19.583887 | P7: 19.725761 | Q7: 19.869441 | R7: 20.008007 | S7: 20.142805 | T7: 20.275686 | U7: 20.407866 | V7: 20.542917 | W7: 20.674836 | X7: 20.803593 | Y7: 20.928888 | Z7: 21.050949 | AA7: 21.173339 | AB7: 21.290533 | AC7: 21.403031 | AD7: 21.511891 | AE7: 21.618476 | AF7: 21.723839 | AG7: 21.823421 | AH7: 21.918746 | AI7: 22.011028 | AJ7: 22.101086 | AK7: 22.189032 | AL7: 22.271031 | AM7: 22.346528 | AN7: 22.415193 | AO7: 22.478246 | AP7: 22.535146 | AQ7: 22.582587 | AR7: 22.622915 | AS7: 22.658112 | AT7: 22.690077 | AU7: 22.716419 | AV7: 22.735106 | AW7: 22.749291 | AX7: 22.762486 | AY7: 22.777728 | AZ7: 22.792097 | BA7: 22.80253 | BB7: 22.811737 | BC7: 22.823169 | BD7: 22.840027 | BE7: 22.855676 | BF7: 22.870023 | BG7: 22.884161 | BH7: 22.897925 | BI7: 22.911531 | BJ7: 22.915317 | BK7: 22.913656 | BL7: 22.908465 | BM7: 22.900972 | BN7: 22.892243 | BO7: 22.871532 | BP7: 22.844582 | BQ7: 22.813345 | BR7: 22.779795 | BS7: 22.746242 | BT7: 22.702329 | BU7: 22.652217 | BV7: 22.598881 | BW7: 22.54649 | BX7: 22.499619 | BY7: 22.445237 | BZ7: 22.388729 | CA7: 22.33321 | CB7: 22.280796 | CC7: 22.233177 | CD7: 22.174881 | CE7: 22.114915 | CF7: 22.056492 | CG7: 22.002699 | CH7: 21.955802 | CI7: 21.898895 | CJ7: 21.843179 | CK7: 21.7908 | CL7: 21.743066 | CM7: 21.700828
A8: CZE | B8: 10.966952 | C8: 10.997665 | D8: 11.014974 | E8: 11.024116 | F8: 11.029522 | G8: 11.044728 | H8: 11.055126 | I8: 11.062524 | J8: 11.068939 | K8: 11.075574 | L8: 11.09373 | M8: 11.10982 | N8: 11.124429 | O8: 11.138092 | P8: 11.151087 | Q8: 11.172834 | R8: 11.19149 | S8: 11.206168 | T8: 11.21588 | U8: 11.220497 | V8: 11.228013 | W8: 11.229497 | X8: 11.225344 | Y8: 11.215205 | Z8: 11.199263 | AA8: 11.186708 | AB8: 11.167645 | AC8: 11.144142 | AD8: 11.118452 | AE8: 11.092324 | AF8: 11.077021 | AG8: 11.059633 | AH8: 11.040685 | AI8: 11.020317 | AJ8: 10.999332 | AK8: 10.988416 | AL8: 10.974208 | AM8: 10.959814 | AN8: 10.948958 | AO8: 10.943974 | AP8: 10.950345 | AQ8: 10.957367 | AR8: 10.965444 | AS8: 10.974572 | AT8: 10.984607 | AU8: 10.997602 | AV8: 11.008428 | AW8: 11.014872 | AX8: 11.013376 | AY8: 11.002538 | AZ8: 10.982903 | BA8: 10.951854 | BB8: 10.91386 | BC8: 10.873755 | BD8: 10.834409 | BE8: 10.796958 | BF8: 10.756025 | BG8: 10.712745 | BH8: 10.668573 | BI8: 10.625547 | BJ8: 10.587188 | BK8: 10.546567 | BL8: 10.503935 | BM8: 10.459018 | BN8: 10.412996 | BO8: 10.365909 | BP8: 10.314151 | BQ8: 10.26306 | BR8: 10.217345 | BS8: 10.179083 | BT8: 10.146104 | BU8: 10.116309 | BV8: 10.090928 | BW8: 10.071904 | BX8: 10.061248 | BY8: 10.057321 | BZ8: 10.057433 | CA8: 10.060968 | CB8: 10.066824 | CC8: 10.075074 | CD8: 10.079323 | CE8: 10.081803 | CF8: 10.085217 | CG8: 10.091239 | CH8: 10.100024 | CI8: 10.101954 | CJ8: 10.104183 | CK8: 10.10642 | CL8: 10.107922 | CM8: 10.108809
A9: DEU | B9: 85.142688 | C9: 85.350174 | D9: 85.623438 | E9: 85.954622 | F9: 86.325704 | G9: 86.786603 | H9: 87.260113 | I9: 87.702221 | J9: 88.062836 | K9: 88.320165 | L9: 88.550789 | M9: 88.67218 | N9: 88.712662 | O9: 88.70438 | P9: 88.670681 | Q9: 88.671255 | R9: 88.635027 | S9: 88.581389 | T9: 88.527513 | U9: 88.483614 | V9: 88.517731 | W9: 88.543627 | X9: 88.563787 | Y9: 88.58413 | Z9: 88.616834 | AA9: 88.708724 | AB9: 88.78521 | AC9: 88.86488 | AD9: 88.963754 | AE9: 89.089162 | AF9: 89.236043 | AG9: 89.376078 | AH9: 89.511539 | AI9: 89.640175 | AJ9: 89.760085 | AK9: 89.854008 | AL9: 89.917586 | AM9: 89.938131 | AN9: 89.893196 | AO9: 89.775985 | AP9: 89.574287 | AQ9: 89.283147 | AR9: 88.937558 | AS9: 88.576569 | AT9: 88.227494 | AU9: 87.884807 | AV9: 87.520772 | AW9: 87.157615 | AX9: 86.82141 | AY9: 86.53599 | AZ9: 86.304384 | BA9: 86.084072 | BB9: 85.889987 | BC9: 85.739075 | BD9: 85.647997 | BE9: 85.576409 | BF9: 85.523239 | BG9: 85.498423 | BH9: 85.495631 | BI9: 85.5047 | BJ9: 85.446645 | BK9: 85.371346 | BL9: 85.288654 | BM9: 85.210138 | BN9: 85.146437 | BO9: 85.016169 | BP9: 84.867068 | BQ9: 84.708966 | BR9: 84.552227 | BS9: 84.410291 | BT9: 84.202894 | BU9: 83.973534 | BV9: 83.740268 | BW9: 83.525265 | BX9: 83.351518 | BY9: 83.1252 | BZ9: 82.896586 | CA9: 82.690364 | CB9: 82.527399 | CC9: 82.421669 | CD9: 82.263373 | CE9: 82.121261 | CF9: 82.008258 | CG9: 81.938108 | CH9: 81.92485 | CI9: 81.849175 | CJ9: 81.786418 | CK9: 81.751734 | CL9: 81.757144 | CM9: 81.810825
A10: DNK | B10: 5.81796 | C10: 5.848534 | D10: 5.877252 | E10: 5.904071 | F10: 5.929295 | G10: 5.959645 | H10: 5.987963 | I10: 6.015139 | J10: 6.042473 | K10: 6.071156 | L10: 6.104886 | M10: 6.138533 | N10: 6.173147 | O10: 6.210188 | P10: 6.250265 | Q10: 6.295931 | R10: 6.343175 | S10: 6.389386 | T10: 6.430991 | U10: 6.466321 | V10: 6.49842 | W10: 6.524428 | X10: 6.546378 | Y10: 6.566856 | Z10: 6.587488 | AA10: 6.610721 | AB10: 6.632404 | AC10: 6.653112 | AD10: 6.673338 | AE10: 6.693673 | AF10: 6.717671 | AG10: 6.739969 | AH10: 6.761222 | AI10: 6.782688 | AJ10: 6.80578 | AK10: 6.831817 | AL10: 6.857362 | AM10: 6.882751 | AN10: 6.907115 | AO10: 6.929666 | AP10: 6.949921 | AQ10: 6.967146 | AR10: 6.982341 | AS10: 6.997006 | AT10: 7.012415 | AU10: 7.028154 | AV10: 7.042932 | AW10: 7.056772 | AX10: 7.069329 | AY10: 7.080864 | AZ10: 7.0915 | BA10: 7.099504 | BB10: 7.106682 | BC10: 7.115516 | BD10: 7.128052 | BE10: 7.142526 | BF10: 7.157737 | BG10: 7.175195 | BH10: 7.196112 | BI10: 7.221075 | BJ10: 7.247002 | BK10: 7.27459 | BL10: 7.30322 | BM10: 7.332125 | BN10: 7.361444 | BO10: 7.386338 | BP10: 7.409505 | BQ10: 7.43212 | BR10: 7.454812 | BS10: 7.477747 | BT10: 7.494637 | BU10: 7.509511 | BV10: 7.523393 | BW10: 7.537877 | BX10: 7.554558 | BY10: 7.567632 | BZ10: 7.580138 | CA10: 7.592107 | CB10: 7.603566 | CC10: 7.615576 | CD10: 7.621219 | CE10: 7.624293 | CF10: 7.627269 | CG10: 7.632728 | CH10: 7.64243 | CI10: 7.647313 | CJ10: 7.653239 | CK10: 7.661235 | CL10: 7.672208 | CM10: 7.687187
A11: ESP | B11: 49.369485 | C11: 49.42634 | D11: 49.36271 | E11: 49.265614 | F11: 49.201838 | G11: 49.207085 | H11: 49.247281 | I11: 49.311895 | J11: 49.376858 | K11: 49.424018 | L11: 49.46095 | M11: 49.479104 | N11: 49.48708 | O11: 49.495682 | P11: 49.513869 | Q11: 49.556146 | R11: 49.597736 | S11: 49.638118 | T11: 49.675401 | U11: 49.71141 | V11: 49.746757 | W11: 49.770448 | X11: 49.795126 | Y11: 49.832708 | Z11: 49.889157 | AA11: 49.952622 | AB11: 50.020677 | AC11: 50.093991 | AD11: 50.173118 | AE11: 50.260706 | AF11: 50.341242 | AG11: 50.415565 | AH11: 50.485335 | AI11: 50.550785 | AJ11: 50.614342 | AK11: 50.645961 | AL11: 50.65766 | AM11: 50.660106 | AN11: 50.663129 | AO11: 50.672722 | AP11: 50.650042 | AQ11: 50.610964 | AR11: 50.561021 | AS11: 50.507106 | AT11: 50.456539 | AU11: 50.365681 | AV11: 50.256118 | AW11: 50.12839 | AX11: 49.978343 | AY11: 49.807182 | AZ11: 49.56234 | BA11: 49.277011 | BB11: 48.967872 | BC11: 48.651831 | BD11: 48.341757 | BE11: 47.983233 | BF11: 47.607717 | BG11: 47.229731 | BH11: 46.866824 | BI11: 46.535551 | BJ11: 46.188794 | BK11: 45.848935 | BL11: 45.525024 | BM11: 45.227912 | BN11: 44.971692 | BO11: 44.700364 | BP11: 44.440997 | BQ11: 44.213125 | BR11: 44.033273 | BS11: 43.909519 | BT11: 43.770255 | BU11: 43.660386 | BV11: 43.58611 | BW11: 43.551755 | BX11: 43.55984 | BY11: 43.538697 | BZ11: 43.537864 | CA11: 43.553589 | CB11: 43.580158 | CC11: 43.617472 | CD11: 43.584604 | CE11: 43.538536 | CF11: 43.49077 | CG11: 43.45325 | CH11: 43.434321 | CI11: 43.343033 | CJ11: 43.246523 | CK11: 43.149484 | CL11: 43.058112 | CM11: 42.982561
A12: EST | B12: 1.387346 | C12: 1.385875 | D12: 1.384253 | E12: 1.382769 | F12: 1.381564 | G12: 1.38181 | H12: 1.381949 | I12: 1.381623 | J12: 1.380352 | K12: 1.37793 | L12: 1.37574 | M12: 1.372384 | N12: 1.368245 | O12: 1.363697 | P12: 1.359037 | Q12: 1.355561 | R12: 1.351655 | S12: 1.347468 | T12: 1.343103 | U12: 1.338643 | V12: 1.335384 | W12: 1.3318 | X12: 1.327969 | Y12: 1.324032 | Z12: 1.320106 | AA12: 1.317083 | AB12: 1.313806 | AC12: 1.31042 | AD12: 1.306959 | AE12: 1.303407 | AF12: 1.300438 | AG12: 1.297204 | AH12: 1.293583 | AI12: 1.289454 | AJ12: 1.284834 | AK12: 1.280491 | AL12: 1.275376 | AM12: 1.269872 | AN12: 1.264413 | AO12: 1.259293 | AP12: 1.255084 | AQ12: 1.250811 | AR12: 1.246384 | AS12: 1.24171 | AT12: 1.236783 | AU12: 1.232096 | AV12: 1.226871 | AW12: 1.221348 | AX12: 1.215856 | AY12: 1.210579 | AZ12: 1.205594 | BA12: 1.200337 | BB12: 1.195146 | BC12: 1.190333 | BD12: 1.186032 | BE12: 1.182252 | BF12: 1.178567 | BG12: 1.174673 | BH12: 1.1702 | BI12: 1.165091 | BJ12: 1.159289 | BK12: 1.152621 | BL12: 1.14538 | BM12: 1.137737 | BN12: 1.129798 | BO12: 1.12142 | BP12: 1.112498 | BQ12: 1.103453 | BR12: 1.094758 | BS12: 1.086836 | BT12: 1.079813 | BU12: 1.073029 | BV12: 1.066673 | BW12: 1.06114 | BX12: 1.056777 | BY12: 1.053405 | BZ12: 1.050635 | CA12: 1.048441 | CB12: 1.046625 | CC12: 1.044958 | CD12: 1.042676 | CE12: 1.040229 | CF12: 1.037843 | CG12: 1.035758 | CH12: 1.033999 | CI12: 1.031646 | CJ12: 1.029442 | CK12: 1.027291 | CL12: 1.025013 | CM12: 1.022518
... A140: XSC | B140: 3.309917 | C140: 3.359331 | D140: 3.410449 | E140: 3.462442 | F140: 3.514681 | G140: 3.568952 | H140: 3.623313 | I140: 3.677381 | J140: 3.730787 | K140: 3.783295 | L140: 3.83694 | M140: 3.889622 | N140: 3.941477 | O140: 3.992773 | P140: 4.043578 | Q140: 4.095946 | R140: 4.147736 | S140: 4.198983 | T140: 4.24976 | U140: 4.300172 | V140: 4.352315 | W140: 4.404126 | X140: 4.455586 | Y140: 4.50669 | Z140: 4.55742 | AA140: 4.610057 | AB140: 4.662406 | AC140: 4.714377 | AD140: 4.76585 | AE140: 4.816786 | AF140: 4.869547 | AG140: 4.921788 | AH140: 4.973418 | AI140: 5.024251 | AJ140: 5.074241 | AK140: 5.125795 | AL140: 5.176487 | AM140: 5.226231 | AN140: 5.274872 | AO140: 5.322375 | AP140: 5.371266 | AQ140: 5.419022 | AR140: 5.465704 | AS140: 5.511218 | AT140: 5.555553 | AU140: 5.601185 | AV140: 5.645536 | AW140: 5.688703 | AX140: 5.730892 | AY140: 5.772158 | AZ140: 5.81503 | BA140: 5.856636 | BB140: 5.896917 | BC140: 5.936016 | BD140: 5.973926 | BE140: 6.01359 | BF140: 6.051778 | BG140: 6.088247 | BH140: 6.122943 | BI140: 6.155845 | BJ140: 6.190637 | BK140: 6.223366 | BL140: 6.253999 | BM140: 6.282548 | BN140: 6.309085 | BO140: 6.338321 | BP140: 6.365321 | BQ140: 6.389932 | BR140: 6.411987 | BS140: 6.431566 | BT140: 6.454386 | BU140: 6.474559 | BV140: 6.492408 | BW140: 6.508226 | BX140: 6.522314 | BY140: 6.540726 | BZ140: 6.556894 | CA140: 6.571157 | CB140: 6.583982 | CC140: 6.59569 | CD140: 6.612296 | CE140: 6.626999 | CF140: 6.639801 | CG140: 6.650774 | CH140: 6.660135 | CI140: 6.673794 | CJ140: 6.685059 | CK140: 6.694042 | CL140: 6.700802 | CM140: 6.70552

Sheet Pop_OECD_mio
A1: Reg | B1: 2011 | C1: 2012 | D1: 2013 | E1: 2014 | F1: 2015 | G1: 2016 | H1: 2017 | I1: 2018 | J1: 2019 | K1: 2020 | L1: 2021 | M1: 2022 | N1: 2023 | O1: 2024 | P1: 2025 | Q1: 2026 | R1: 2027 | S1: 2028 | T1: 2029 | U1: 2030 | V1: 2031 | W1: 2032 | X1: 2033 | Y1: 2034 | Z1: 2035 | AA1: 2036 | AB1: 2037 | AC1: 2038 | AD1: 2039 | AE1: 2040 | AF1: 2041 | AG1: 2042 | AH1: 2043 | AI1: 2044 | AJ1: 2045 | AK1: 2046 | AL1: 2047 | AM1: 2048 | AN1: 2049 | AO1: 2050 | AP1: 2051 | AQ1: 2052 | AR1: 2053 | AS1: 2054 | AT1: 2055 | AU1: 2056 | AV1: 2057 | AW1: 2058 | AX1: 2059 | AY1: 2060 | AZ1: 2061 | BA1: 2062 | BB1: 2063 | BC1: 2064 | BD1: 2065 | BE1: 2066 | BF1: 2067 | BG1: 2068 | BH1: 2069 | BI1: 2070 | BJ1: 2071 | BK1: 2072 | BL1: 2073 | BM1: 2074 | BN1: 2075 | BO1: 2076 | BP1: 2077 | BQ1: 2078 | BR1: 2079 | BS1: 2080 | BT1: 2081 | BU1: 2082 | BV1: 2083 | BW1: 2084 | BX1: 2085 | BY1: 2086 | BZ1: 2087 | CA1: 2088 | CB1: 2089 | CC1: 2090 | CD1: 2091 | CE1: 2092 | CF1: 2093 | CG1: 2094 | CH1: 2095 | CI1: 2096 | CJ1: 2097 | CK1: 2098 | CL1: 2099 | CM1: 2100
A2: AUS | B2: =Pop_OECD!B2*1000000 -> 23334338 | C2: =Pop_OECD!C2*1000000 -> 23697598 | D2: =Pop_OECD!D2*1000000 -> 24046707 | E2: =Pop_OECD!E2*1000000 -> 24391291 | F2: =Pop_OECD!F2*1000000 -> 24737663 | G2: =Pop_OECD!G2*1000000 -> 25089163 | H2: =Pop_OECD!H2*1000000 -> 25435637 | I2: =Pop_OECD!I2*1000000 -> 25777216 | ... CM2: =Pop_OECD!CM2*1000000 -> 47525258
A3: AUT | B3: =Pop_OECD!B3*1000000 -> 8879892 | C3: =Pop_OECD!C3*1000000 -> 8942463 | D3: =Pop_OECD!D3*1000000 -> 9006509 | E3: =Pop_OECD!E3*1000000 -> 9066114 | F3: =Pop_OECD!F3*1000000 -> 9116720 | G3: =Pop_OECD!G3*1000000 -> 9161443 | H3: =Pop_OECD!H3*1000000 -> 9194617 | I3: =Pop_OECD!I3*1000000 -> 9220088 | ... CM3: =Pop_OECD!CM3*1000000 -> 9438890
A4: BEL | B4: =Pop_OECD!B4*1000000 -> 11587338 | C4: =Pop_OECD!C4*1000000 -> 11674580 | D4: =Pop_OECD!D4*1000000 -> 11756645 | E4: =Pop_OECD!E4*1000000 -> 11835201 | F4: =Pop_OECD!F4*1000000 -> 11911374 | G4: =Pop_OECD!G4*1000000 -> 11996258 | H4: =Pop_OECD!H4*1000000 -> 12078110 | I4: =Pop_OECD!I4*1000000 -> 12154321 | ... CM4: =Pop_OECD!CM4*1000000 -> 14837025
A5: CAN | B5: =Pop_OECD!B5*1000000 -> 35928501 | C5: =Pop_OECD!C5*1000000 -> 36329509 | D5: =Pop_OECD!D5*1000000 -> 36718271 | E5: =Pop_OECD!E5*1000000 -> 37096857 | F5: =Pop_OECD!F5*1000000 -> 37468039 | G5: =Pop_OECD!G5*1000000 -> 37846445 | H5: =Pop_OECD!H5*1000000 -> 38213557 | I5: =Pop_OECD!I5*1000000 -> 38574071 | ... CM5: =Pop_OECD!CM5*1000000 -> 58952768
A6: CHE | B6: =Pop_OECD!B6*1000000 -> 8316655 | C6: =Pop_OECD!C6*1000000 -> 8426964 | D6: =Pop_OECD!D6*1000000 -> 8535982 | E6: =Pop_OECD!E6*1000000 -> 8639911 | F6: =Pop_OECD!F6*1000000 -> 8736137 | G6: =Pop_OECD!G6*1000000 -> 8828216 | H6: =Pop_OECD!H6*1000000 -> 8910965 | I6: =Pop_OECD!I6*1000000 -> 8986892 | ... CM6: =Pop_OECD!CM6*1000000 -> 12098026
A7: CHL | B7: =Pop_OECD!B7*1000000 -> 17525773 | C7: =Pop_OECD!C7*1000000 -> 17698274 | D7: =Pop_OECD!D7*1000000 -> 17866296 | E7: =Pop_OECD!E7*1000000 -> 18030248 | F7: =Pop_OECD!F7*1000000 -> 18190808 | G7: =Pop_OECD!G7*1000000 -> 18354984 | H7: =Pop_OECD!H7*1000000 -> 18515038 | I7: =Pop_OECD!I7*1000000 -> 18671761 | ... CM7: =Pop_OECD!CM7*1000000 -> 21700828
A8: CZE | B8: =Pop_OECD!B8*1000000 -> 10966952 | C8: =Pop_OECD!C8*1000000 -> 10997665 | D8: =Pop_OECD!D8*1000000 -> 11014974 | E8: =Pop_OECD!E8*1000000 -> 11024116 | F8: =Pop_OECD!F8*1000000 -> 11029522 | G8: =Pop_OECD!G8*1000000 -> 11044728 | H8: =Pop_OECD!H8*1000000 -> 11055126 | I8: =Pop_OECD!I8*1000000 -> 11062524 | ... CM8: =Pop_OECD!CM8*1000000 -> 10108809
A9: DEU | B9: =Pop_OECD!B9*1000000 -> 85142688 | C9: =Pop_OECD!C9*1000000 -> 85350174 | D9: =Pop_OECD!D9*1000000 -> 85623438 | E9: =Pop_OECD!E9*1000000 -> 85954622 | F9: =Pop_OECD!F9*1000000 -> 86325704 | G9: =Pop_OECD!G9*1000000 -> 86786603 | H9: =Pop_OECD!H9*1000000 -> 87260113 | I9: =Pop_OECD!I9*1000000 -> 87702221 | ... CM9: =Pop_OECD!CM9*1000000 -> 81810825
A10: DNK | B10: =Pop_OECD!B10*1000000 -> 5817960 | C10: =Pop_OECD!C10*1000000 -> 5848534 | D10: =Pop_OECD!D10*1000000 -> 5877252 | E10: =Pop_OECD!E10*1000000 -> 5904071 | F10: =Pop_OECD!F10*1000000 -> 5929295 | G10: =Pop_OECD!G10*1000000 -> 5959645 | H10: =Pop_OECD!H10*1000000 -> 5987963 | I10: =Pop_OECD!I10*1000000 -> 6015139 | ... CM10: =Pop_OECD!CM10*1000000 -> 7687187
A11: ESP | B11: =Pop_OECD!B11*1000000 -> 49369485 | C11: =Pop_OECD!C11*1000000 -> 49426340 | D11: =Pop_OECD!D11*1000000 -> 49362710 | E11: =Pop_OECD!E11*1000000 -> 49265614 | F11: =Pop_OECD!F11*1000000 -> 49201838 | G11: =Pop_OECD!G11*1000000 -> 49207085 | H11: =Pop_OECD!H11*1000000 -> 49247281 | I11: =Pop_OECD!I11*1000000 -> 49311895 | ... CM11: =Pop_OECD!CM11*1000000 -> 42982561
A12: EST | B12: =Pop_OECD!B12*1000000 -> 1387346 | C12: =Pop_OECD!C12*1000000 -> 1385875 | D12: =Pop_OECD!D12*1000000 -> 1384253 | E12: =Pop_OECD!E12*1000000 -> 1382769 | F12: =Pop_OECD!F12*1000000 -> 1381564 | G12: =Pop_OECD!G12*1000000 -> 1381810 | H12: =Pop_OECD!H12*1000000 -> 1381949 | I12: =Pop_OECD!I12*1000000 -> 1381623 | ... CM12: =Pop_OECD!CM12*1000000 -> 1022518
A13: FIN | B13: =Pop_OECD!B13*1000000 -> 5649383 | C13: =Pop_OECD!C13*1000000 -> 5679061 | D13: =Pop_OECD!D13*1000000 -> 5707657 | E13: =Pop_OECD!E13*1000000 -> 5735146 | F13: =Pop_OECD!F13*1000000 -> 5761505 | G13: =Pop_OECD!G13*1000000 -> 5789911 | H13: =Pop_OECD!H13*1000000 -> 5816361 | I13: =Pop_OECD!I13*1000000 -> 5841171 | ... CM13: =Pop_OECD!CM13*1000000 -> 7009829
... A140: XSC | B140: =Pop_OECD!B140*1000000 -> 3309917 | C140: =Pop_OECD!C140*1000000 -> 3359331 | D140: =Pop_OECD!D140*1000000 -> 3410449 | E140: =Pop_OECD!E140*1000000 -> 3462442 | F140: =Pop_OECD!F140*1000000 -> 3514681 | G140: =Pop_OECD!G140*1000000 -> 3568952 | H140: =Pop_OECD!H140*1000000 -> 3623313 | I140: =Pop_OECD!I140*1000000 -> 3677381 | ... CM140: =Pop_OECD!CM140*1000000 -> 6705520

Sheet GDPCapita_OECD
A1: Reg | B1: 2011 | C1: 2012 | D1: 2013 | E1: 2014 | F1: 2015 | G1: 2016 | H1: 2017 | I1: 2018 | J1: 2019 | K1: 2020 | L1: 2021 | M1: 2022 | N1: 2023 | O1: 2024 | P1: 2025 | Q1: 2026 | R1: 2027 | S1: 2028 | T1: 2029 | U1: 2030 | V1: 2031 | W1: 2032 | X1: 2033 | Y1: 2034 | Z1: 2035 | AA1: 2036 | AB1: 2037 | AC1: 2038 | AD1: 2039 | AE1: 2040 | AF1: 2041 | AG1: 2042 | AH1: 2043 | AI1: 2044 | AJ1: 2045 | AK1: 2046 | AL1: 2047 | AM1: 2048 | AN1: 2049 | AO1: 2050 | AP1: 2051 | AQ1: 2052 | AR1: 2053 | AS1: 2054 | AT1: 2055 | AU1: 2056 | AV1: 2057 | AW1: 2058 | AX1: 2059 | AY1: 2060
A2: AUS | B2: =GDP_OECD!B2/Pop_OECD_mio!B2 -> 64815.229 | C2: =GDP_OECD!C2/Pop_OECD_mio!C2 -> 66328.581 | D2: =GDP_OECD!D2/Pop_OECD_mio!D2 -> 66817.992 | E2: =GDP_OECD!E2/Pop_OECD_mio!E2 -> 67549.601 | F2: =GDP_OECD!F2/Pop_OECD_mio!F2 -> 68275.136 | G2: =GDP_OECD!G2/Pop_OECD_mio!G2 -> 69071.898 | H2: =GDP_OECD!H2/Pop_OECD_mio!H2 -> 69682.144 | I2: =GDP_OECD!I2/Pop_OECD_mio!I2 -> 70770.044 | ... AY2: =GDP_OECD!AY2/Pop_OECD_mio!AY2 -> 148204.61
A3: AUT | B3: =GDP_OECD!B3/Pop_OECD_mio!B3 -> 48622.311 | C3: =GDP_OECD!C3/Pop_OECD_mio!C3 -> 48557.355 | D3: =GDP_OECD!D3/Pop_OECD_mio!D3 -> 48214.983 | E3: =GDP_OECD!E3/Pop_OECD_mio!E3 -> 48335.445 | F3: =GDP_OECD!F3/Pop_OECD_mio!F3 -> 48581.31 | G3: =GDP_OECD!G3/Pop_OECD_mio!G3 -> 49066.913 | H3: =GDP_OECD!H3/Pop_OECD_mio!H3 -> 50405.556 | I3: =GDP_OECD!I3/Pop_OECD_mio!I3 -> 51646.984 | ... AY3: =GDP_OECD!AY3/Pop_OECD_mio!AY3 -> 100980.23
A4: BEL | B4: =GDP_OECD!B4/Pop_OECD_mio!B4 -> 45524.556 | C4: =GDP_OECD!C4/Pop_OECD_mio!C4 -> 45290.269 | D4: =GDP_OECD!D4/Pop_OECD_mio!D4 -> 45064.404 | E4: =GDP_OECD!E4/Pop_OECD_mio!E4 -> 45344.257 | F4: =GDP_OECD!F4/Pop_OECD_mio!F4 -> 45697.265 | G4: =GDP_OECD!G4/Pop_OECD_mio!G4 -> 46014.563 | H4: =GDP_OECD!H4/Pop_OECD_mio!H4 -> 46493.357 | I4: =GDP_OECD!I4/Pop_OECD_mio!I4 -> 46982.485 | ... AY4: =GDP_OECD!AY4/Pop_OECD_mio!AY4 -> 97608.748
A5: CAN | B5: =GDP_OECD!B5/Pop_OECD_mio!B5 -> 49824.953 | C5: =GDP_OECD!C5/Pop_OECD_mio!C5 -> 50135.085 | D5: =GDP_OECD!D5/Pop_OECD_mio!D5 -> 50831.984 | E5: =GDP_OECD!E5/Pop_OECD_mio!E5 -> 51750.026 | F5: =GDP_OECD!F5/Pop_OECD_mio!F5 -> 51750.205 | G5: =GDP_OECD!G5/Pop_OECD_mio!G5 -> 51957.252 | H5: =GDP_OECD!H5/Pop_OECD_mio!H5 -> 53002.199 | I5: =GDP_OECD!I5/Pop_OECD_mio!I5 -> 53607.556 | ... AY5: =GDP_OECD!AY5/Pop_OECD_mio!AY5 -> 87473.103
A6: CHE | B6: =GDP_OECD!B6/Pop_OECD_mio!B6 -> 84412.064 | C6: =GDP_OECD!C6/Pop_OECD_mio!C6 -> 84131.447 | D6: =GDP_OECD!D6/Pop_OECD_mio!D6 -> 84630.926 | E6: =GDP_OECD!E6/Pop_OECD_mio!E6 -> 85661.664 | F6: =GDP_OECD!F6/Pop_OECD_mio!F6 -> 85705.401 | G6: =GDP_OECD!G6/Pop_OECD_mio!G6 -> 85988.677 | H6: =GDP_OECD!H6/Pop_OECD_mio!H6 -> 86100.152 | I6: =GDP_OECD!I6/Pop_OECD_mio!I6 -> 87368.453 | ... AY6: =GDP_OECD!AY6/Pop_OECD_mio!AY6 -> 149644.55
A7: CHL | B7: =GDP_OECD!B7/Pop_OECD_mio!B7 -> 14417.628 | C7: =GDP_OECD!C7/Pop_OECD_mio!C7 -> 15046.5 | D7: =GDP_OECD!D7/Pop_OECD_mio!D7 -> 15515.073 | E7: =GDP_OECD!E7/Pop_OECD_mio!E7 -> 15643.26 | F7: =GDP_OECD!F7/Pop_OECD_mio!F7 -> 15859.595 | G7: =GDP_OECD!G7/Pop_OECD_mio!G7 -> 15904.862 | H7: =GDP_OECD!H7/Pop_OECD_mio!H7 -> 16026.553 | I7: =GDP_OECD!I7/Pop_OECD_mio!I7 -> 16460.21 | ... AY7: =GDP_OECD!AY7/Pop_OECD_mio!AY7 -> 31409.091
A8: CZE | B8: =GDP_OECD!B8/Pop_OECD_mio!B8 -> 20823.963 | C8: =GDP_OECD!C8/Pop_OECD_mio!C8 -> 20616.129 | D8: =GDP_OECD!D8/Pop_OECD_mio!D8 -> 20483.855 | E8: =GDP_OECD!E8/Pop_OECD_mio!E8 -> 21022.558 | F8: =GDP_OECD!F8/Pop_OECD_mio!F8 -> 22144.353 | G8: =GDP_OECD!G8/Pop_OECD_mio!G8 -> 22664.644 | H8: =GDP_OECD!H8/Pop_OECD_mio!H8 -> 23685.195 | I8: =GDP_OECD!I8/Pop_OECD_mio!I8 -> 24569.868 | ... AY8: =GDP_OECD!AY8/Pop_OECD_mio!AY8 -> 54248.989
A9: DEU | B9: =GDP_OECD!B9/Pop_OECD_mio!B9 -> 44113.489 | C9: =GDP_OECD!C9/Pop_OECD_mio!C9 -> 44308.107 | D9: =GDP_OECD!D9/Pop_OECD_mio!D9 -> 44431.571 | E9: =GDP_OECD!E9/Pop_OECD_mio!E9 -> 45113.137 | F9: =GDP_OECD!F9/Pop_OECD_mio!F9 -> 45594.921 | G9: =GDP_OECD!G9/Pop_OECD_mio!G9 -> 46194.232 | H9: =GDP_OECD!H9/Pop_OECD_mio!H9 -> 47098.573 | I9: =GDP_OECD!I9/Pop_OECD_mio!I9 -> 47863.044 | ... AY9: =GDP_OECD!AY9/Pop_OECD_mio!AY9 -> 86115.088
A10: DNK | B10: =GDP_OECD!B10/Pop_OECD_mio!B10 -> 59295.936 | C10: =GDP_OECD!C10/Pop_OECD_mio!C10 -> 59119.543 | D10: =GDP_OECD!D10/Pop_OECD_mio!D10 -> 59379.763 | E10: =GDP_OECD!E10/Pop_OECD_mio!E10 -> 60067.278 | F10: =GDP_OECD!F10/Pop_OECD_mio!F10 -> 60772.653 | G10: =GDP_OECD!G10/Pop_OECD_mio!G10 -> 61650.706 | H10: =GDP_OECD!H10/Pop_OECD_mio!H10 -> 62733.681 | I10: =GDP_OECD!I10/Pop_OECD_mio!I10 -> 63488.277 | ... AY10: =GDP_OECD!AY10/Pop_OECD_mio!AY10 -> 123521.74
A11: ESP | B11: =GDP_OECD!B11/Pop_OECD_mio!B11 -> 30170.056 | C11: =GDP_OECD!C11/Pop_OECD_mio!C11 -> 29253.064 | D11: =GDP_OECD!D11/Pop_OECD_mio!D11 -> 28791.158 | E11: =GDP_OECD!E11/Pop_OECD_mio!E11 -> 29246.002 | F11: =GDP_OECD!F11/Pop_OECD_mio!F11 -> 30289.009 | G11: =GDP_OECD!G11/Pop_OECD_mio!G11 -> 31277.475 | H11: =GDP_OECD!H11/Pop_OECD_mio!H11 -> 32205.696 | I11: =GDP_OECD!I11/Pop_OECD_mio!I11 -> 33066.093 | ... AY11: =GDP_OECD!AY11/Pop_OECD_mio!AY11 -> 60647.978
A12: EST | B12: =GDP_OECD!B12/Pop_OECD_mio!B12 -> 16709.397 | C12: =GDP_OECD!C12/Pop_OECD_mio!C12 -> 17450.646 | D12: =GDP_OECD!D12/Pop_OECD_mio!D12 -> 17824.157 | E12: =GDP_OECD!E12/Pop_OECD_mio!E12 -> 18335.238 | F12: =GDP_OECD!F12/Pop_OECD_mio!F12 -> 18672.38 | G12: =GDP_OECD!G12/Pop_OECD_mio!G12 -> 19080.154 | H12: =GDP_OECD!H12/Pop_OECD_mio!H12 -> 19986.332 | I12: =GDP_OECD!I12/Pop_OECD_mio!I12 -> 20731.118 | ... AY12: =GDP_OECD!AY12/Pop_OECD_mio!AY12 -> 47878.823
A13: FIN | B13: =GDP_OECD!B13/Pop_OECD_mio!B13 -> 48489.204 | C13: =GDP_OECD!C13/Pop_OECD_mio!C13 -> 47547.872 | D13: =GDP_OECD!D13/Pop_OECD_mio!D13 -> 46950.777 | E13: =GDP_OECD!E13/Pop_OECD_mio!E13 -> 46430.557 | F13: =GDP_OECD!F13/Pop_OECD_mio!F13 -> 46280.57 | G13: =GDP_OECD!G13/Pop_OECD_mio!G13 -> 47036.935 | H13: =GDP_OECD!H13/Pop_OECD_mio!H13 -> 48056.478 | I13: =GDP_OECD!I13/Pop_OECD_mio!I13 -> 49261.396 | ... AY13: =GDP_OECD!AY13/Pop_OECD_mio!AY13 -> 81672.084
... A140: XSC | B140: =GDP_OECD!B140/Pop_OECD_mio!B140 -> 2368.0352 | C140: =GDP_OECD!C140/Pop_OECD_mio!C140 -> 2430.1409 | D140: =GDP_OECD!D140/Pop_OECD_mio!D140 -> 2497.5492 | E140: =GDP_OECD!E140/Pop_OECD_mio!E140 -> 2547.6648 | F140: =GDP_OECD!F140/Pop_OECD_mio!F140 -> 2550.9609 | G140: =GDP_OECD!G140/Pop_OECD_mio!G140 -> 2534.7004 | H140: =GDP_OECD!H140/Pop_OECD_mio!H140 -> 2545.3669 | I140: =GDP_OECD!I140/Pop_OECD_mio!I140 -> 2525.1154 | ... AY140: =GDP_OECD!AY140/Pop_OECD_mio!AY140 -> 10486.52
